<?xml version="1.0" encoding="UTF-8" ?>

<XMLDB PATH="blocks/listallcourses/db" VERSION="20181030" COMMENT="XMLDB file for Moodle blocks/listallcourses"
    xmlns:xsi="http://www.w3.org/2001/XMLSchema-instance"
    xsi:noNamespaceSchemaLocation="../../../lib/xmldb/xmldb.xsd"> 
  
  <TABLES>
  
    <TABLE NAME="block_listallcoures" COMMENT="List all courses by a user">
    
      <FIELDS>
        <FIELD NAME="id" TYPE="int" LENGTH="10" NOTNULL="true" SEQUENCE="true"/>
        <FIELD NAME="userid" TYPE="int" LENGTH="10" NOTNULL="true" SEQUENCE="false" COMMENT="User id that accessed the item"/>
        <FIELD NAME="time_accessed" TYPE="int" LENGTH="10" NOTNULL="true" SEQUENCE="false" COMMENT="Time the user accessed the last time an item"/>
      </FIELDS>

      <KEYS>
        <KEY NAME="primary" TYPE="primary" FIELDS="id"/>
      </KEYS> 

    </TABLE>
  </TABLES>


</XMLDB>
